<?xml version="1.0" encoding="utf-8" ?>
<dwsync>
<file name="header.php" server="ftp.scriptstrainer.com" local="129689709691367187" remote="129690694200000000" />
<file name="index.php" server="ftp.scriptstrainer.com" local="129690513897646484" remote="129690694200000000" />
<file name="sidebar.php" server="ftp.scriptstrainer.com" local="129689681879902343" remote="129690694800000000" />
<file name="footer.php" server="ftp.scriptstrainer.com" local="129689711640732421" remote="129690694200000000" />
<file name="style.css" server="ftp.scriptstrainer.com" local="129690512115332031" remote="129690694800000000" />
<file name="about.html" server="ftp.scriptstrainer.com" local="128907702600000000" remote="129690694200000000" />
<file name="contact.html" server="ftp.scriptstrainer.com" local="128907702600000000" remote="129690694200000000" />
<file name="index.html" server="ftp.scriptstrainer.com" local="128907702600000000" remote="129690694200000000" />
<file name="portfolio.html" server="ftp.scriptstrainer.com" local="128907703200000000" remote="129690694200000000" />
<file name="screenshot.png" server="ftp.scriptstrainer.com" local="129689691120605468" remote="129690694800000000" />
<file name="functions.php" server="ftp.scriptstrainer.com" local="129689698841748046" remote="129690694200000000" />
<file name="about.html" server="ftp.wp-ask.me" local="129691384800000000" remote="129691384800000000" />
<file name="contact.html" server="ftp.wp-ask.me" local="129691384800000000" remote="129691384800000000" />
<file name="footer.php" server="ftp.wp-ask.me" local="129691413000000000" remote="129691413000000000" />
<file name="functions.php" server="ftp.wp-ask.me" local="129697393800000000" remote="129697393800000000" />
<file name="header.php" server="ftp.wp-ask.me" local="129699976798271484" remote="129699940800000000" />
<file name="index.html" server="ftp.wp-ask.me" local="129691384800000000" remote="129691384800000000" />
<file name="index.php" server="ftp.wp-ask.me" local="129691415400000000" remote="129691415400000000" />
<file name="portfolio.html" server="ftp.wp-ask.me" local="129691384800000000" remote="129691384800000000" />
<file name="screenshot.png" server="ftp.wp-ask.me" local="129691384800000000" remote="129691384800000000" />
<file name="sidebar.php" server="ftp.wp-ask.me" local="129691384800000000" remote="129691384800000000" />
<file name="style.css" server="ftp.wp-ask.me" local="129691403400000000" remote="129691403400000000" />
<file name="single.php" server="ftp.wp-ask.me" local="129699998386064453" remote="129699962400000000" />
<file name="page.php" server="ftp.wp-ask.me" local="129697359000000000" remote="129697359000000000" />
<file name="contact-template.php" server="ftp.wp-ask.me" local="129697402218945312" remote="129697366200000000" />
<file name="category.php" server="ftp.wp-ask.me" local="129700002478378906" remote="129699966600000000" />
</dwsync>