<?xml version="1.0" encoding="utf-8" ?>
<dwsync>
<file name="ajaxupload.js" server="wp-developers.com//" local="129587807400000000" remote="129587807400000000" />
<file name="colorpicker.js" server="wp-developers.com//" local="129587807400000000" remote="129587807400000000" />
<file name="jquery.maskedinput-1.2.2.js" server="wp-developers.com//" local="129587807400000000" remote="129587807400000000" />
<file name="ajaxupload.js" server="ftp.scriptstrainer.com" local="129587807400000000" remote="129690694200000000" />
<file name="colorpicker.js" server="ftp.scriptstrainer.com" local="129587807400000000" remote="129690694200000000" />
<file name="jquery.maskedinput-1.2.2.js" server="ftp.scriptstrainer.com" local="129587807400000000" remote="129690694200000000" />
<file name="ajaxupload.js" server="ftp.wp-ask.me" local="129691384800000000" remote="129691384800000000" />
<file name="colorpicker.js" server="ftp.wp-ask.me" local="129691384800000000" remote="129691384800000000" />
<file name="jquery.maskedinput-1.2.2.js" server="ftp.wp-ask.me" local="129691384800000000" remote="129691384800000000" />
</dwsync>