<?xml version="1.0" encoding="utf-8" ?>
<dwsync>
<file name="about_feet.jpg" server="ftp.scriptstrainer.com" local="128907703200000000" remote="129690694200000000" />
<file name="index_creepy_cockroach.jpg" server="ftp.scriptstrainer.com" local="128907703200000000" remote="129690694200000000" />
<file name="index_metro_health.jpg" server="ftp.scriptstrainer.com" local="128907703200000000" remote="129690694200000000" />
<file name="index_wedding_invite.jpg" server="ftp.scriptstrainer.com" local="128907703200000000" remote="129690694200000000" />
<file name="logo.jpg" server="ftp.scriptstrainer.com" local="128907703200000000" remote="129690694200000000" />
<file name="mailer-set.jpg" server="ftp.scriptstrainer.com" local="128907703200000000" remote="129690694200000000" />
<file name="portfolio_invites01.jpg" server="ftp.scriptstrainer.com" local="128907703200000000" remote="129690694200000000" />
<file name="portfolio_invites02.jpg" server="ftp.scriptstrainer.com" local="128907703200000000" remote="129690694200000000" />
<file name="portfolio_invites03.jpg" server="ftp.scriptstrainer.com" local="128907703200000000" remote="129690694200000000" />
<file name="portfolio_invites04.jpg" server="ftp.scriptstrainer.com" local="128907703200000000" remote="129690694200000000" />
<file name="portfolio_invites05.jpg" server="ftp.scriptstrainer.com" local="128907703200000000" remote="129690694200000000" />
<file name="portfolio_invites06.jpg" server="ftp.scriptstrainer.com" local="128907703200000000" remote="129690694200000000" />
<file name="portfolio_invites07.jpg" server="ftp.scriptstrainer.com" local="128907703200000000" remote="129690694200000000" />
<file name="portfolio_metro01.jpg" server="ftp.scriptstrainer.com" local="128907703200000000" remote="129690694200000000" />
<file name="portfolio_metro02.jpg" server="ftp.scriptstrainer.com" local="128907703200000000" remote="129690694200000000" />
<file name="portfolio_metro03.jpg" server="ftp.scriptstrainer.com" local="128907703200000000" remote="129690694200000000" />
<file name="portfolio_metro04.jpg" server="ftp.scriptstrainer.com" local="128907703200000000" remote="129690694200000000" />
<file name="portfolio_metro05.jpg" server="ftp.scriptstrainer.com" local="128907703200000000" remote="129690694200000000" />
<file name="portfolio_metro06.jpg" server="ftp.scriptstrainer.com" local="128907703200000000" remote="129690694200000000" />
<file name="portfolio_next.jpg" server="ftp.scriptstrainer.com" local="128907703200000000" remote="129690694200000000" />
<file name="portfolio_previous.jpg" server="ftp.scriptstrainer.com" local="128907703200000000" remote="129690694200000000" />
<file name="about_feet.jpg" server="ftp.wp-ask.me" local="129691384800000000" remote="129691384800000000" />
<file name="index_creepy_cockroach.jpg" server="ftp.wp-ask.me" local="129691384800000000" remote="129691384800000000" />
<file name="index_metro_health.jpg" server="ftp.wp-ask.me" local="129691384800000000" remote="129691384800000000" />
<file name="index_wedding_invite.jpg" server="ftp.wp-ask.me" local="129691384800000000" remote="129691384800000000" />
<file name="logo.jpg" server="ftp.wp-ask.me" local="129691384800000000" remote="129691384800000000" />
<file name="mailer-set.jpg" server="ftp.wp-ask.me" local="129691384800000000" remote="129691384800000000" />
<file name="portfolio_invites01.jpg" server="ftp.wp-ask.me" local="129691384800000000" remote="129691384800000000" />
<file name="portfolio_invites02.jpg" server="ftp.wp-ask.me" local="129691384800000000" remote="129691384800000000" />
<file name="portfolio_invites03.jpg" server="ftp.wp-ask.me" local="129691384800000000" remote="129691384800000000" />
<file name="portfolio_invites04.jpg" server="ftp.wp-ask.me" local="129691384800000000" remote="129691384800000000" />
<file name="portfolio_invites05.jpg" server="ftp.wp-ask.me" local="129691384800000000" remote="129691384800000000" />
<file name="portfolio_invites06.jpg" server="ftp.wp-ask.me" local="129691384800000000" remote="129691384800000000" />
<file name="portfolio_invites07.jpg" server="ftp.wp-ask.me" local="129691384800000000" remote="129691384800000000" />
<file name="portfolio_metro01.jpg" server="ftp.wp-ask.me" local="129691384800000000" remote="129691384800000000" />
<file name="portfolio_metro02.jpg" server="ftp.wp-ask.me" local="129691384800000000" remote="129691384800000000" />
<file name="portfolio_metro03.jpg" server="ftp.wp-ask.me" local="129691384800000000" remote="129691384800000000" />
<file name="portfolio_metro04.jpg" server="ftp.wp-ask.me" local="129691384800000000" remote="129691384800000000" />
<file name="portfolio_metro05.jpg" server="ftp.wp-ask.me" local="129691384800000000" remote="129691384800000000" />
<file name="portfolio_metro06.jpg" server="ftp.wp-ask.me" local="129691384800000000" remote="129691384800000000" />
<file name="portfolio_next.jpg" server="ftp.wp-ask.me" local="129691384800000000" remote="129691384800000000" />
<file name="portfolio_previous.jpg" server="ftp.wp-ask.me" local="129691384800000000" remote="129691384800000000" />
</dwsync>