<?xml version="1.0" encoding="utf-8" ?>
<dwsync>
<file name="wysiwyg.css" server="ftp.scriptstrainer.com" local="129689682530742187" remote="129690694200000000" />
<file name="about.css" server="ftp.scriptstrainer.com" local="128907702600000000" remote="129690694200000000" />
<file name="common.css" server="ftp.scriptstrainer.com" local="128907702600000000" remote="129690694200000000" />
<file name="contact.css" server="ftp.scriptstrainer.com" local="128907702600000000" remote="129690694200000000" />
<file name="index.css" server="ftp.scriptstrainer.com" local="128907702600000000" remote="129690694200000000" />
<file name="jcarousel.css" server="ftp.scriptstrainer.com" local="128907702600000000" remote="129690694200000000" />
<file name="portfolio.css" server="ftp.scriptstrainer.com" local="128907702600000000" remote="129690694200000000" />
<file name="about.css" server="ftp.wp-ask.me" local="129691384800000000" remote="129691384800000000" />
<file name="common.css" server="ftp.wp-ask.me" local="129691384800000000" remote="129691384800000000" />
<file name="contact.css" server="ftp.wp-ask.me" local="129691384800000000" remote="129691384800000000" />
<file name="index.css" server="ftp.wp-ask.me" local="129691384800000000" remote="129691384800000000" />
<file name="jcarousel.css" server="ftp.wp-ask.me" local="129691384800000000" remote="129691384800000000" />
<file name="portfolio.css" server="ftp.wp-ask.me" local="129691384800000000" remote="129691384800000000" />
<file name="wysiwyg.css" server="ftp.wp-ask.me" local="129691384800000000" remote="129691384800000000" />
</dwsync>