<?xml version="1.0" encoding="utf-8" ?>
<dwsync>
<file name="admin-functions.php" server="wp-developers.com//" local="129587807400000000" remote="129587807400000000" />
<file name="admin-interface-deprecated.php" server="wp-developers.com//" local="129587807400000000" remote="129587807400000000" />
<file name="admin-interface.php" server="wp-developers.com//" local="129587807400000000" remote="129587807400000000" />
<file name="admin-style.css" server="wp-developers.com//" local="129587807400000000" remote="129587807400000000" />
<file name="theme-functions-deprecated.php" server="wp-developers.com//" local="129587807400000000" remote="129587807400000000" />
<file name="theme-functions.php" server="wp-developers.com//" local="129587807400000000" remote="129587807400000000" />
<file name="theme-options.php" server="wp-developers.com//" local="129588061291837666" remote="129588025200000000" />
<file name="admin-functions.php" server="ftp.scriptstrainer.com" local="129587807400000000" remote="129690694200000000" />
<file name="admin-interface-deprecated.php" server="ftp.scriptstrainer.com" local="129587807400000000" remote="129690694200000000" />
<file name="admin-interface.php" server="ftp.scriptstrainer.com" local="129587807400000000" remote="129690694200000000" />
<file name="admin-style.css" server="ftp.scriptstrainer.com" local="129587807400000000" remote="129690694200000000" />
<file name="theme-functions-deprecated.php" server="ftp.scriptstrainer.com" local="129587807400000000" remote="129690694200000000" />
<file name="theme-functions.php" server="ftp.scriptstrainer.com" local="129587807400000000" remote="129690694200000000" />
<file name="theme-options.php" server="ftp.scriptstrainer.com" local="129689716783486328" remote="129690694200000000" />
<file name="admin-functions.php" server="ftp.wp-ask.me" local="129691384800000000" remote="129691384800000000" />
<file name="admin-interface-deprecated.php" server="ftp.wp-ask.me" local="129691384800000000" remote="129691384800000000" />
<file name="admin-interface.php" server="ftp.wp-ask.me" local="129691384800000000" remote="129691384800000000" />
<file name="admin-style.css" server="ftp.wp-ask.me" local="129691384800000000" remote="129691384800000000" />
<file name="theme-functions-deprecated.php" server="ftp.wp-ask.me" local="129691384800000000" remote="129691384800000000" />
<file name="theme-functions.php" server="ftp.wp-ask.me" local="129691384800000000" remote="129691384800000000" />
<file name="theme-options.php" server="ftp.wp-ask.me" local="129697401218486328" remote="129697365000000000" />
</dwsync>