<?xml version="1.0" encoding="utf-8" ?>
<dwsync>
<file name="2cl.png" server="wp-developers.com//" local="129587807400000000" remote="129587807400000000" />
<file name="2cr.png" server="wp-developers.com//" local="129587807400000000" remote="129587807400000000" />
<file name="3cm.png" server="wp-developers.com//" local="129587807400000000" remote="129587807400000000" />
<file name="3cr.png" server="wp-developers.com//" local="129587807400000000" remote="129587807400000000" />
<file name="3ssc.png" server="wp-developers.com//" local="129587807400000000" remote="129587807400000000" />
<file name="accept.png" server="wp-developers.com//" local="129587807400000000" remote="129587807400000000" />
<file name="favicon.ico" server="wp-developers.com//" local="129587807400000000" remote="129587807400000000" />
<file name="icon_option.png" server="wp-developers.com//" local="129587807400000000" remote="129587807400000000" />
<file name="loading-bottom.gif" server="wp-developers.com//" local="129587807400000000" remote="129587807400000000" />
<file name="ui-bg_flat_0_aaaaaa_40x100.png" server="wp-developers.com//" local="129587807400000000" remote="129587807400000000" />
<file name="warning.png" server="wp-developers.com//" local="129587807400000000" remote="129587807400000000" />
<file name="wrench.png" server="wp-developers.com//" local="129587807400000000" remote="129587807400000000" />
<file name="2cl.png" server="ftp.scriptstrainer.com" local="129586085400000000" remote="129690694200000000" />
<file name="2cr.png" server="ftp.scriptstrainer.com" local="129586085400000000" remote="129690694200000000" />
<file name="3cm.png" server="ftp.scriptstrainer.com" local="129586085400000000" remote="129690694200000000" />
<file name="3cr.png" server="ftp.scriptstrainer.com" local="129586085400000000" remote="129690694200000000" />
<file name="3ssc.png" server="ftp.scriptstrainer.com" local="129586085400000000" remote="129690694200000000" />
<file name="accept.png" server="ftp.scriptstrainer.com" local="129586085400000000" remote="129690694200000000" />
<file name="favicon.ico" server="ftp.scriptstrainer.com" local="129586085400000000" remote="129690694200000000" />
<file name="icon_option.png" server="ftp.scriptstrainer.com" local="129586085400000000" remote="129690694200000000" />
<file name="loading-bottom.gif" server="ftp.scriptstrainer.com" local="129586085400000000" remote="129690694200000000" />
<file name="ui-bg_flat_0_aaaaaa_40x100.png" server="ftp.scriptstrainer.com" local="129586085400000000" remote="129690694200000000" />
<file name="warning.png" server="ftp.scriptstrainer.com" local="129586085400000000" remote="129690694200000000" />
<file name="wrench.png" server="ftp.scriptstrainer.com" local="129586085400000000" remote="129690694200000000" />
<file name="2cl.png" server="ftp.wp-ask.me" local="129691384800000000" remote="129691384800000000" />
<file name="2cr.png" server="ftp.wp-ask.me" local="129691384800000000" remote="129691384800000000" />
<file name="3cm.png" server="ftp.wp-ask.me" local="129691384800000000" remote="129691384800000000" />
<file name="3cr.png" server="ftp.wp-ask.me" local="129691384800000000" remote="129691384800000000" />
<file name="3ssc.png" server="ftp.wp-ask.me" local="129691384800000000" remote="129691384800000000" />
<file name="accept.png" server="ftp.wp-ask.me" local="129691384800000000" remote="129691384800000000" />
<file name="favicon.ico" server="ftp.wp-ask.me" local="129691384800000000" remote="129691384800000000" />
<file name="icon_option.png" server="ftp.wp-ask.me" local="129691384800000000" remote="129691384800000000" />
<file name="loading-bottom.gif" server="ftp.wp-ask.me" local="129691384800000000" remote="129691384800000000" />
<file name="ui-bg_flat_0_aaaaaa_40x100.png" server="ftp.wp-ask.me" local="129691384800000000" remote="129691384800000000" />
<file name="warning.png" server="ftp.wp-ask.me" local="129691384800000000" remote="129691384800000000" />
<file name="wrench.png" server="ftp.wp-ask.me" local="129691384800000000" remote="129691384800000000" />
</dwsync>