<?xml version="1.0" encoding="utf-8" ?>
<dwsync>
<file name="blank.gif" server="wp-developers.com//" local="129587807400000000" remote="129587807400000000" />
<file name="colorpicker_background.png" server="wp-developers.com//" local="129587807400000000" remote="129587807400000000" />
<file name="colorpicker_hex.png" server="wp-developers.com//" local="129587807400000000" remote="129587807400000000" />
<file name="colorpicker_hsb_b.png" server="wp-developers.com//" local="129587807400000000" remote="129587807400000000" />
<file name="colorpicker_hsb_h.png" server="wp-developers.com//" local="129587807400000000" remote="129587807400000000" />
<file name="colorpicker_hsb_s.png" server="wp-developers.com//" local="129587807400000000" remote="129587807400000000" />
<file name="colorpicker_indic.gif" server="wp-developers.com//" local="129587807400000000" remote="129587807400000000" />
<file name="colorpicker_overlay.png" server="wp-developers.com//" local="129587807400000000" remote="129587807400000000" />
<file name="colorpicker_rgb_b.png" server="wp-developers.com//" local="129587807400000000" remote="129587807400000000" />
<file name="colorpicker_rgb_g.png" server="wp-developers.com//" local="129587807400000000" remote="129587807400000000" />
<file name="colorpicker_rgb_r.png" server="wp-developers.com//" local="129587807400000000" remote="129587807400000000" />
<file name="colorpicker_select.gif" server="wp-developers.com//" local="129587807400000000" remote="129587807400000000" />
<file name="colorpicker_submit.png" server="wp-developers.com//" local="129587807400000000" remote="129587807400000000" />
<file name="select.png" server="wp-developers.com//" local="129587807400000000" remote="129587807400000000" />
<file name="blank.gif" server="ftp.scriptstrainer.com" local="129586085400000000" remote="129690694200000000" />
<file name="colorpicker_background.png" server="ftp.scriptstrainer.com" local="129586085400000000" remote="129690694200000000" />
<file name="colorpicker_hex.png" server="ftp.scriptstrainer.com" local="129586085400000000" remote="129690694200000000" />
<file name="colorpicker_hsb_b.png" server="ftp.scriptstrainer.com" local="129586085400000000" remote="129690694200000000" />
<file name="colorpicker_hsb_h.png" server="ftp.scriptstrainer.com" local="129586085400000000" remote="129690694200000000" />
<file name="colorpicker_hsb_s.png" server="ftp.scriptstrainer.com" local="129586085400000000" remote="129690694200000000" />
<file name="colorpicker_indic.gif" server="ftp.scriptstrainer.com" local="129586085400000000" remote="129690694200000000" />
<file name="colorpicker_overlay.png" server="ftp.scriptstrainer.com" local="129586085400000000" remote="129690694200000000" />
<file name="colorpicker_rgb_b.png" server="ftp.scriptstrainer.com" local="129586085400000000" remote="129690694200000000" />
<file name="colorpicker_rgb_g.png" server="ftp.scriptstrainer.com" local="129586085400000000" remote="129690694200000000" />
<file name="colorpicker_rgb_r.png" server="ftp.scriptstrainer.com" local="129586085400000000" remote="129690694200000000" />
<file name="colorpicker_select.gif" server="ftp.scriptstrainer.com" local="129586085400000000" remote="129690694200000000" />
<file name="colorpicker_submit.png" server="ftp.scriptstrainer.com" local="129586085400000000" remote="129690694200000000" />
<file name="select.png" server="ftp.scriptstrainer.com" local="129586085400000000" remote="129690694200000000" />
<file name="blank.gif" server="ftp.wp-ask.me" local="129691384800000000" remote="129691384800000000" />
<file name="colorpicker_background.png" server="ftp.wp-ask.me" local="129691384800000000" remote="129691384800000000" />
<file name="colorpicker_hex.png" server="ftp.wp-ask.me" local="129691384800000000" remote="129691384800000000" />
<file name="colorpicker_hsb_b.png" server="ftp.wp-ask.me" local="129691384800000000" remote="129691384800000000" />
<file name="colorpicker_hsb_h.png" server="ftp.wp-ask.me" local="129691384800000000" remote="129691384800000000" />
<file name="colorpicker_hsb_s.png" server="ftp.wp-ask.me" local="129691384800000000" remote="129691384800000000" />
<file name="colorpicker_indic.gif" server="ftp.wp-ask.me" local="129691384800000000" remote="129691384800000000" />
<file name="colorpicker_overlay.png" server="ftp.wp-ask.me" local="129691384800000000" remote="129691384800000000" />
<file name="colorpicker_rgb_b.png" server="ftp.wp-ask.me" local="129691384800000000" remote="129691384800000000" />
<file name="colorpicker_rgb_g.png" server="ftp.wp-ask.me" local="129691384800000000" remote="129691384800000000" />
<file name="colorpicker_rgb_r.png" server="ftp.wp-ask.me" local="129691384800000000" remote="129691384800000000" />
<file name="colorpicker_select.gif" server="ftp.wp-ask.me" local="129691384800000000" remote="129691384800000000" />
<file name="colorpicker_submit.png" server="ftp.wp-ask.me" local="129691384800000000" remote="129691384800000000" />
<file name="select.png" server="ftp.wp-ask.me" local="129691384800000000" remote="129691384800000000" />
</dwsync>